INSERT INTO global_settings(id, code, name, value) VALUES
(1, 'MULTIUSER_MODE', 'Многопользовательский режим', 'NO'),
(2, 'POST_PREMODERATION', 'Премодерация постов', 'YES'),
(3, 'STATISTICS_IS_PUBLIC', 'Показать статистику блога', 'NO');

INSERT INTO captcha_codes(id, code, secret_code, time)
VALUES (10, 'xajefihiz', '4PFn62dKkbdUqGIeqOBMbr', NOW()),
(11, 'nohuhocina', 'vfbPFX9eVuUIVdJRCwchow', NOW());

INSERT INTO users(id, email, password, is_moderator, name, reg_time) VALUES
(10, 'test@mail.ru', '$2a$12$6L48rTqMMsOEqgIWH5VPa.2pZldL8ceTW3nHfsArUzAJu/h8imX5K', 1, 'Test', NOW()),
(20, 'test_user@mail.ru', '$2a$12$6L48rTqMMsOEqgIWH5VPa.2pZldL8ceTW3nHfsArUzAJu/h8imX5K', 0, 'Test', NOW()),
(30, 'test_moderator@mail.ru', '$2a$12$6L48rTqMMsOEqgIWH5VPa.2pZldL8ceTW3nHfsArUzAJu/h8imX5K', 1, 'Test', NOW());

INSERT INTO posts(id, is_active, moderation_status, moderator_id, user_id, time, title, text, view_count) VALUES
(100, 1, 'ACCEPTED', 10, 10, '2021-04-15 10:32:10.0', 'Заголовок 1',
'Текст Текст Текст Текст Текст Текст Текст Текст Текст Текст Текст Текст', 0),
(101, 1, 'ACCEPTED', 10, 10, '2021-05-15 10:32:10.0', 'Заголовок 2',
'Текст Текст Текст Текст Текст Текст Текст Текст Текст Текст Текст Текст', 0),
(102, 1, 'ACCEPTED', 10, 10, '2021-05-15 11:32:10.0', 'Заголовок 3',
'Текст Текст Текст Текст Текст Текст Текст Текст Текст Текст Текст Текст', 0),
(103, 1, 'ACCEPTED', 10, 10, '2021-06-15 10:32:10.0', 'Заголовок 4',
'Текст Текст Текст Текст Текст Текст Текст Текст Текст Текст Текст Текст', 0),
(104, 1, 'ACCEPTED', 10, 10, '2021-07-15 10:32:10.0', 'Заголовок 5',
'Текст Текст Текст Текст Текст Текст Текст Текст Текст Текст Текст Текст', 0),
(105, 1, 'ACCEPTED', 10, 10, '2021-08-15 10:32:10.0', 'Заголовок 6',
'Текст Текст Текст Текст Текст Текст Текст Текст Текст Текст Текст Текст', 0),
(106, 1, 'ACCEPTED', 10, 10, '2021-09-15 10:32:10.0', 'Заголовок 7 Поиск',
'Текст Текст Поиск Текст Текст Текст Текст Текст Текст Текст Текст Текст', 0),
(107, 1, 'ACCEPTED', 10, 10, '2021-10-15 10:32:10.0', 'Заголовок 8 Поиск',
'Текст Текст Поиск Текст Текст Текст Текст Текст Текст Текст Текст Текст', 0),
(108, 1, 'ACCEPTED', 30, 30, '2022-05-15 10:32:10.0', 'Заголовок 9',
'Текст Текст Текст Текст Текст Текст Текст Текст Текст Текст Текст Текст', 0),
(109, 1, 'ACCEPTED', 30, 30, '2022-05-15 10:32:10.0', 'Заголовок 10',
'Текст Текст Текст Текст Текст Текст Текст Текст Текст Текст Текст Текст', 0),
(110, 0, 'ACCEPTED', null, 20, '2022-05-15 10:32:10.0', 'Заголовок 10',
'Текст Текст Текст Текст Текст Текст Текст Текст Текст Текст Текст Текст', 0),
(111, 1, 'DECLINED', 30, 20, '2022-05-15 10:32:10.0', 'Заголовок 10',
'Текст Текст Текст Текст Текст Текст Текст Текст Текст Текст Текст Текст', 0),
(112, 1, 'NEW', null, 20, '2022-05-15 10:32:10.0', 'Заголовок 10',
'Текст Текст Текст Текст Текст Текст Текст Текст Текст Текст Текст Текст', 0);

INSERT INTO tags(id, name) VALUES
(1, 'tag1'),
(2, 'tag2'),
(3, 'tag3'),
(4, 'tag4'),
(5, 'tag5');

INSERT INTO tag2post(post_id, tag_id) VALUES
(100, 1),
(101, 2),
(102, 3),
(103, 4),
(104, 5),
(105, 1),
(106, 1),
(107, 1),
(108, 2),
(109, 2);

INSERT INTO post_votes(id, time, value, post_id, user_id) VALUES
(10, '2020-04-20 12:30:15.0', 1, 100, 10),
(11, '2020-04-21 12:30:15.0', 1, 100, 10),
(12, '2022-05-16 12:30:15.0', 1, 103, 10);

INSERT INTO post_comments(id, text, time, post_id, user_id) VALUES
(10, 'Комментарий 1', '2022-05-17 10:32:10.0', 108, 10),
(11, 'Комментарий 2', '2022-05-18 10:32:10.0', 108, 10),
(12, 'Комментарий 3', '2022-05-19 10:32:10.0', 108, 10),
(13, 'Комментарий 4', '2021-06-16 10:32:10.0', 103, 10),
(14, 'Комментарий 5', '2021-06-17 10:32:10.0', 103, 10),
(15, 'Комментарий 6', '2021-05-16 10:32:10.0', 101, 10),
(16, 'Комментарий 7', '2021-05-16 11:32:10.0', 102, 10),
(17, 'Комментарий 7', '2021-09-18 10:32:10.0', 106, 10);