INSERT INTO global_settings(id, code, name, value) VALUES
(1, 'MULTIUSER_MODE', 'Многопользовательский режим', 'YES'),
(2, 'POST_PREMODERATION', 'Премодерация постов', 'YES'),
(3, 'STATISTICS_IS_PUBLIC', 'Показать статистику блога', 'NO');

INSERT INTO captcha_codes(id, code, secret_code, time)
VALUES (10, 'xajefihiz', '4PFn62dKkbdUqGIeqOBMbr', NOW()),
(11, 'nohuhocina', 'vfbPFX9eVuUIVdJRCwchow', NOW());

INSERT INTO users(id, email, password, is_moderator, name, reg_time)
VALUES (10, 'test@mail.ru', 'password', 1, 'Test', NOW());

INSERT INTO posts(id, is_active, moderation_status, moderator_id, user_id, time, title, text, view_count) VALUES
(100, 1, 'ACCEPTED', 10, 10, '2021-03-15 10:10:10.0', 'Заголовок поста 1',
'Текст Текст Текст Текст Текст Текст Текст Текст Текст Текст Текст Текст', 0),
(101, 1, 'ACCEPTED', 10, 10, '2021-03-15 10:11:10.0', 'Заголовок поста 1',
'Текст Текст Текст Текст Текст Текст Текст Текст Текст Текст Текст Текст', 0),
(102, 1, 'ACCEPTED', 10, 10, '2021-03-15 10:12:10.0', 'Заголовок поста 1',
'Текст Текст Текст Текст Текст Текст Текст Текст Текст Текст Текст Текст', 0),
(103, 1, 'ACCEPTED', 10, 10, '2021-03-15 10:13:10.0', 'Заголовок поста 1',
'Текст Текст Текст Текст Текст Текст Текст Текст Текст Текст Текст Текст', 0),
(104, 1, 'ACCEPTED', 10, 10, '2021-03-15 10:14:10.0', 'Заголовок поста 1',
'Текст Текст Текст Текст Текст Текст Текст Текст Текст Текст Текст Текст', 0),
(105, 1, 'ACCEPTED', 10, 10, '2021-03-15 10:15:10.0', 'Заголовок поста 1',
'Текст Текст Текст Текст Текст Текст Текст Текст Текст Текст Текст Текст', 0),
(106, 1, 'ACCEPTED', 10, 10, '2021-03-15 10:16:10.0', 'Заголовок поста 1',
'Текст Текст Текст Текст Текст Текст Текст Текст Текст Текст Текст Текст', 0),
(107, 1, 'ACCEPTED', 10, 10, '2021-03-15 10:17:10.0', 'Заголовок поста 1',
'Текст Текст Текст Текст Текст Текст Текст Текст Текст Текст Текст Текст', 0),
(108, 1, 'ACCEPTED', 10, 10, '2022-05-15 10:10:10.0', 'Заголовок поста 1',
'Текст Текст Текст Текст Текст Текст Текст Текст Текст Текст Текст Текст', 0),
(109, 1, 'ACCEPTED', 10, 10, '2022-05-15 10:11:10.0', 'Заголовок поста 1',
'Текст Текст Текст Текст Текст Текст Текст Текст Текст Текст Текст Текст', 0);

INSERT INTO tags(id, name) VALUES
(1, 'tag_test1'),
(2, 'tag_test2'),
(3, 'tag3'),
(4, 'tag4'),
(5, 'tag5');

INSERT INTO tag2post(post_id, tag_id) VALUES
(100, 1),
(101, 2),
(102, 3),
(103, 4),
(104, 5),
(105, 1),
(106, 1),
(107, 1),
(108, 2),
(109, 2);